Workbook

Sheet Entrada de Dados
A1: Parâmetro | B1: Valor | C1: Unidade
A2: Diâmetro interno | B2: 400 | C2: mm
A3: Pressão de projeto | B3: 0.2 | C3: MPa
A4: Temperatura de projeto | B4: 134 | C4: °C
A5: Espessura instalada tampo | B5: 8 | C5: mm
A6: Espessura instalada costado | B6: 4 | C6: mm
A7: Espessura instalada fundo | B7: 6 | C7: mm
A8: Tensão admissível material | B8: 138 | C8: MPa
A9: Eficiência junta (E) | B9: 1 | C9: -
A10: Corrosão | B10: 1 | C10: mm
A11: Fator geométrico (C) | B11: 0.33 | C11: -
A12: Quantidade de travas | B12: 6 | C12: un
A13: Diâmetro do parafuso/trava | B13: 12 | C13: mm
A14: Tensão admissível parafuso | B14: 120 | C14: MPa

Sheet Cálculo Tampo
A1: Descrição | B1: Valor
A2: Diâmetro interno (mm) | B2: ='Entrada de Dados'!B2
A3: Pressão projeto (MPa) | B3: ='Entrada de Dados'!B3
A4: Espessura instalada (mm) | B4: ='Entrada de Dados'!B5
A5: Tensão admissível (MPa) | B5: ='Entrada de Dados'!B8
A6: Eficiência (E) | B6: ='Entrada de Dados'!B9
A7: Fator C | B7: ='Entrada de Dados'!B11
A8: Espessura mínima requerida (mm) | B8: =B2*SQRT((B7*B3)/(B5*B6))/10
A9: PMTA calculada (MPa) | B9: =(B5*B6/B7)*((B4*10/B2)^2)
A10: Status | B10: =IF(AND(B4>=B8,B9>=B3),"APROVADO","REPROVADO")

Sheet Cálculo Costado
A1: Descrição | B1: Valor
A2: Pressão projeto (MPa) | B2: ='Entrada de Dados'!B3
A3: Raio interno (mm) | B3: ='Entrada de Dados'!B2/2
A4: Espessura instalada (mm) | B4: ='Entrada de Dados'!B6
A5: Tensão admissível (MPa) | B5: ='Entrada de Dados'!B8
A6: Eficiência (E) | B6: ='Entrada de Dados'!B9
A7: Espessura mínima requerida (mm) | B7: =(B2*B3)/((B5*B6)-(0.6*B2))
A8: Status | B8: =IF(B4>=B7,"APROVADO","REPROVADO")

Sheet Cálculo Fundo
A1: Descrição | B1: Valor
A2: Espessura instalada (mm) | B2: ='Entrada de Dados'!B7
A3: Espessura mínima requerida (mm) | B3: ='Cálculo Tampo'!B8
A4: Status | B4: =IF(B2>=B3,"APROVADO","REPROVADO")

Sheet Resultado Final
A1: COMPONENTE | B1: STATUS
A2: Tampo | B2: ='Cálculo Tampo'!B10
A3: Costado | B3: ='Cálculo Costado'!B8
A4: Fundo | B4: ='Cálculo Fundo'!B4
A5: Travas | B5: ='Cálculo Travas'!B12
A6: RESULTADO GERAL | B6: =IF(COUNTIF(B2:B5,"REPROVADO")>0,"REPROVADO GERAL","APROVADO GERAL")

Sheet Cálculo Travas
A1: Descrição | B1: Valor
A2: Pressão de projeto (MPa) | B2: ='Entrada de Dados'!B3
A3: Diâmetro interno do vaso (mm) | B3: ='Entrada de Dados'!B2
A4: Quantidade de travas | B4: ='Entrada de Dados'!B12
A5: Diâmetro parafuso/trava (mm) | B5: ='Entrada de Dados'!B13
A6: Tensão admissível parafuso (MPa) | B6: ='Entrada de Dados'!B14
A7: Área total da tampa (mm²) | B7: =PI()*(B3^2)/4
A8: Força total de separação (N) | B8: =B2*B7
A9: Área resistente por trava (mm²) | B9: =PI()*(B5^2)/4
A10: Carga por trava (N) | B10: =B8/B4
A11: Carga admissível por trava (N) | B11: =B9*B6
A12: Status das travas | B12: =IF(B11>=B10,"APROVADO","REPROVADO")

Sheet Flange e Vedação
A1: Descrição | B1: Valor
A2: Diâmetro interno (mm) | B2: ='Entrada de Dados'!B2
A3: Pressão de projeto (MPa) | B3: ='Entrada de Dados'!B3
A4: Largura estimada flange (mm) | B4: 35
A5: Espessura flange (mm) | B5: 12
A6: Área efetiva vedação (mm²) | B6: =PI()*B2*B4
A7: Força total sobre tampa (N) | B7: =B3*(PI()*(B2^2)/4)
A8: Momento simplificado flange (N.mm) | B8: =B7*(B4/2)
A9: Status flange | B9: =IF(B5>=10,"APROVADO","REPROVADO")

Sheet Teste Hidrostático
A1: Descrição | B1: Valor
A2: Pressão de projeto (MPa) | B2: ='Entrada de Dados'!B3
A3: Fator ASME teste | B3: 1.3
A4: Pressão de teste hidrostático (MPa) | B4: =B2*B3
A5: PMTA do tampo (MPa) | B5: ='Cálculo Tampo'!B9
A6: PMTA do costado (MPa) | B6: ='Entrada de Dados'!B8
A7: Pressão admissível final (MPa) | B7: =MIN(B5,B6)
A8: Status teste | B8: =IF(B7>=B4,"APROVADO","REPROVADO")

Sheet Relatório Técnico
A1: RELATÓRIO RESUMIDO DE VERIFICAÇÃO ASME VIII DIV.1 / NR-13
A3: Modelo considerado: Autoclave vertical com tampo plano removível.
A4: Tipo de tampa: Flat Head / Flat Cover conforme conceito UG-34.
A5: Fechamento: Travas/parafusos distribuídos radialmente.
A6: Normas de referência: ASME VIII Div.1 e NR-13.
A7: Os cálculos apresentados são simplificados e destinados à pré-avaliação técnica.
A8: Para validação oficial recomenda-se memorial completo e ART.
A10: RESULTADO FINAL | B10: ='Resultado Final'!B6

Sheet Tampo_Conico_ASME
A1: MEMORIAL DE CÁLCULO - TAMPO CÔNICO ASME VIII DIV.1
A2: Parâmetro | B2: Valor
A3: Pressão de Projeto P (MPa) | B3: 0.69
A4: Diâmetro D (mm) | B4: 680
A5: Semiângulo α (graus) | B5: 15
A6: Tensão Admissível S (MPa) | B6: 108
A7: Eficiência de Solda E | B7: 0.8
A8: Sobrecorrosão C (mm) | B8: 0
A9: Espessura Medida t (mm) | B9: 6.51
A10: cos(α) | B10: =COS(RADIANS(B5))
A11: Espessura Mínima Requerida (mm) | B11: =(B3*B4)/(2*B10*((B6*B7)-(0.6*B3)))
A12: PMTA (MPa) | B12: =((B9-B8)*(B6*B7))/((B4/(2*B10))+(0.6*(B9-B8)))
A13: PMTA (kgf/cm²) | B13: =B12*10.1972
A14: Teste Hidrostático (kgf/cm²) | B14: =B13*1.5
